Workbook

Sheet EV1001 Evaluation
A1: QA Review: EV1001
A3: Task
A4: Task ID | B4: EV1001
A5: Prompt | B5: Explain Python to a beginner in exactly 3 sentences. Include one simple example.
A6: Response A | B6: Python is a programming language known for its simple and readable syntax. For example, `print("Hello")` tells Python to display Hello on the screen. Python is widely used for data analysis, web development, automation, and AI.
A7: Response B | B7: Python is a programming language. It is used in many areas such as AI and data analysis. There are many Python libraries. Python is also easy to learn. For example, you can use Python to print Hello.
A9: Scores (1 to 5)
A10: Criterion | B10: Response A | C10: Response B | D10: Reviewer note
A11: Accuracy | B11: 5 | C11: 5 | D11: Neither response contains a factual error.
A12: Relevance | B12: 5 | C12: 4 | D12: B includes filler ("There are many Python libraries") that does not help a beginner.
A13: Instruction Following | B13: 5 | C13: 2 | D13: A has exactly 3 sentences and one example. B has 5 sentences and never shows any code.
A14: Completeness | B14: 5 | C14: 3 | D14: A gives a definition, a code example and common uses. B mentions an example but never shows it.
A15: Clarity | B15: 5 | C15: 3 | D15: A flows well. B is choppy and vague.
A16: Total (out of 25) | B16: =SUM(B11:B15) -> 25 | C16: =SUM(C11:C15) -> 17
A17: Average (out of 5) | B17: =AVERAGE(B11:B15) -> 5 | C17: =AVERAGE(C11:C15) -> 3.4
A19: Fact Check (Response A)
A20: Source 1: Python Tutorial | B20: https://docs.python.org/tutorial/
A21: Source 2: Built-in Functions (print) | B21: https://docs.python.org/3/builtins/functions.html
A22: Source 3: Applications for Python | B22: https://www.python.org/about/apps/
A23: Source 4: JetBrains blog (PSF survey) | B23: https://blog.jetbrains.com/pycharm/2025/09/why-is-python-so-popular/
A24: Claim (Response A) | B24: Result | C24: Source | D24: Evidence (paraphrased)
A25: 1. Python is a programming language known for its simple and readable syntax. | B25: Correct | C25: Python Tutorial | D25: The tutorial calls Python easy to learn and credits its elegant syntax. It does not use the exact words "simple and readable", so Response A paraphrases, but the meaning matches.
A26: 2. print("Hello") tells Python to display Hello on the screen. | B26: Correct | C26: Built-in Functions | D26: print() writes objects to a text stream and uses sys.stdout when no file is given. In a normal terminal or IDE console that is the screen, and the output is Hello without quotation marks.
A27: 3. Python is widely used for data analysis, web development, automation, and AI. | B27: Correct | C27: Applications page; JetBrains blog (PSF survey) | D27: The python.org Applications page covers web development, names Pandas as a data analysis library and mentions build control and testing, but it does not mention AI. The PSF/JetBrains survey write-up covers web apps, data science, automation, testing and machine learning pipelines. It says machine learning rather than AI, a fair simplification for a beginner.
A28: Overall fact check (Response A) | B28: =IF(COUNTIF(B25:B27,"Incorrect")>0,"Incorrect",IF(COUNTIF(B25:B27,"Correct")=3,"Correct","Incomplete")) -> Correct | C28: Formula: Correct only if all three claims are marked Correct.
A30: Decision
A31: Error Type (Response A) | B31: No Error
A32: Error Type (Response B) | B32: Instruction Following | D32: Incomplete Response can be added as a second error type if the form allows more than one: the example is mentioned but never shown.
A33: Preferred Response | B33: A
A34: Reviewer Rationale | B34: Response A is preferred because it follows the explicit requirement of exactly three sentences and includes a clear code example. Response B contains generally accurate information but uses five sentences and does not provide an actual code example, so it has instruction-following and completeness issues.
A36: Notes: Scores, error types and the preferred response are the reviewer's judgments. Totals, averages and the overall fact-check result are formulas. Fact-check evidence was checked against the linked pages on 20 Sep 2026 and is paraphrased, not quoted.

Sheet Results Log
A1: Task ID | B1: Prompt | C1: A: Accuracy | D1: A: Relevance | E1: A: Instruction Following | F1: A: Completeness | G1: A: Clarity | H1: A: Total (out of 25) | I1: B: Accuracy | J1: B: Relevance | K1: B: Instruction Following | L1: B: Completeness | M1: B: Clarity | N1: B: Total (out of 25) | O1: Fact Check Source | P1: Fact Check Result | Q1: Error Type (A) | R1: Error Type (B) | S1: Preferred Response | T1: Reviewer Rationale
A2: ='EV1001 Evaluation'!B4 -> EV1001 | B2: ='EV1001 Evaluation'!B5 -> Explain Python to a beginner in exactly 3 sentences. Include one simple example. | C2: ='EV1001 Evaluation'!B11 -> 5 | D2: ='EV1001 Evaluation'!B12 -> 5 | E2: ='EV1001 Evaluation'!B13 -> 5 | F2: ='EV1001 Evaluation'!B14 -> 5 | G2: ='EV1001 Evaluation'!B15 -> 5 | H2: =SUM(C2:G2) -> 25 | I2: ='EV1001 Evaluation'!C11 -> 5 | J2: ='EV1001 Evaluation'!C12 -> 4 | K2: ='EV1001 Evaluation'!C13 -> 2 | L2: ='EV1001 Evaluation'!C14 -> 3 | M2: ='EV1001 Evaluation'!C15 -> 3 | N2: =SUM(I2:M2) -> 17 | O2: docs.python.org (Tutorial; Built-in Functions); python.org/about/apps; JetBrains blog on the PSF/JetBrains Python Developers Survey | P2: ='EV1001 Evaluation'!B28 -> Correct | Q2: ='EV1001 Evaluation'!B31 -> No Error | R2: ='EV1001 Evaluation'!B32 -> Instruction Following | S2: ='EV1001 Evaluation'!B33 -> A | T2: ='EV1001 Evaluation'!B34 -> Response A is preferred because it follows the explicit requirement of exactly three sentences and includes a clear code example. Response B contains generally accurate information but uses five sentences and does not provide an actual code example, so it has instruction-following and completeness issues.
A4: Row 2 is linked to the 'EV1001 Evaluation' sheet, so change scores and decisions there. To paste into another tracker: copy row 2, then Paste Special > Values.
A5: Fact Check Source lists the pages checked; the full links are on the 'EV1001 Evaluation' sheet.
